{
  "-3, -3":[{
      "location":{
        "posX":-23922.080078125,
        "posZ":504.18713378906,
        "posY":-16864.15625,
        "rotX":-0.02734375,
        "rotY":0,
        "rotZ":1.1108267307281
      },
      "owner":"aradul bartheon",
      "destination":{
        "location":{
          "posX":0,
          "posZ":4000,
          "posY":0,
          "rotX":0,
          "rotY":0,
          "rotZ":0
        },
        "cell":"Forteresse d'Allãt, Niveau supérieur"
      }
    },{
      "location":{
        "posX":-23802.2890625,
        "posZ":544.03405761719,
        "posY":-17240.099609375,
        "rotX":0.23046875,
        "rotY":0,
        "rotZ":3.1328127384186
      },
      "destination":{
        "location":{
          "posX":770.20013427734,
          "posZ":369,
          "posY":1214.6809082031,
          "rotX":0.57421875,
          "rotY":0,
          "rotZ":-3.1386539936066
        },
        "cell":"Forteresse d'Allãt, Niveau supérieur"
      },
      "owner":"aradul bartheon"
    }],
  "Forteresse d'Allãt, Niveau supérieur":[{
      "location":{
        "posX":770.20013427734,
        "posZ":369,
        "posY":1214.6809082031,
        "rotX":0.57421875,
        "rotY":0,
        "rotZ":-3.1386539936066
      },
      "destination":{
        "location":{
          "posX":-23922.080078125,
          "posZ":504.18713378906,
          "posY":-16864.15625,
          "rotX":-0.02734375,
          "rotY":0,
          "rotZ":1.1108267307281
        },
        "cell":"-3, -3"
      },
      "owner":"aradul bartheon"
    },{
      "location":{
        "posX":0.39215457439423,
        "posZ":1009,
        "posY":1050.7116699219,
        "rotX":0.7421875,
        "rotY":0,
        "rotZ":1.1132810115814
      },
      "owner":"aradul bartheon",
      "destination":{
        "location":{
          "posX":770.20013427734,
          "posZ":369,
          "posY":1214.6809082031,
          "rotX":0.57421875,
          "rotY":0,
          "rotZ":-3.1386539936066
        },
        "cell":"Forteresse d'Allãt, Niveau supérieur"
      }
    },{
      "location":{
        "posX":-10.710071563721,
        "posZ":4018.5,
        "posY":4.4038820266724,
        "rotX":0.390625,
        "rotY":0,
        "rotZ":1.6269352436066
      },
      "destination":{
        "location":{
          "posX":770.20013427734,
          "posZ":369,
          "posY":1214.6809082031,
          "rotX":0.57421875,
          "rotY":0,
          "rotZ":-3.1386539936066
        },
        "cell":"Forteresse d'Allãt, Niveau supérieur"
      },
      "owner":"aradul bartheon"
    },{
      "location":{
        "posX":764.87280273438,
        "posZ":369,
        "posY":1228.3461914063,
        "rotX":0.09765625,
        "rotY":0,
        "rotZ":3.1191227436066
      },
      "owner":"aradul bartheon",
      "destination":{
        "location":{
          "posX":-23922.080078125,
          "posZ":504.18713378906,
          "posY":-16864.15625,
          "rotX":-0.02734375,
          "rotY":0,
          "rotZ":1.1108267307281
        },
        "cell":"-3, -3"
      }
    }]
}